"url","Rank number","Rank image","Rank image_alt","Score value","Scoreunvoted value","Scorelikes value","Thumbnailmay image","Thumbnailmay image_alt","Thumbnailmay image_link","Titlemay link","Titlemay link_link","Domain value 1","Domain link","Domain link_link","Tagline content","Tagline links","Tagline links_link","Sponsored image","Sponsored image_alt","Promotedspan value","Bylinkmay link","Bylinkmay link_link","Share label"
"https://www.reddit.com/r/compsci","","https://www.redditstatic.com/icon-sponsored-rank.png","","•","•","•","https://b.thumbs.redditmedia.com/ZI0zKRZ561JJrVsiZWROXgKQo_t6SG0F11oLCnWDtno.jpg","","https://pixel.redditmedia.com/click?url=https%3A%2F%2Fengine.a.redditmedia.com%2Fr%3Fe%3DeyJhdiI6MTAxNjQxLCJhdCI6NCwiYnQiOjAsImNtIjo0ODQxMDIsImNoIjo3OTg0LCJjayI6e30sImNyIjoxNjk5NzQ2LCJkaSI6ImVmYWZiNjg1MGU5ZjQzNTk4YjUxMDBmZGNmMTBlY2VmIiwiZG0iOjMsImZjIjoyMDE5NTUxLCJmbCI6MjQxMzcwMiwiaXAiOiI1NC4xNzUuMjguMTY0Iiwia3ciOiJzLmJyYW5kbGlmdC5wYW5kb3JhLGV4cC5wcm9tb3RlZF9saW5rX2luX2ZlZWQudG9wX3Bvc19ncmV5LHQucHJvZ3JhbW1pbmcsay5kYXRhLGsuY29tcHV0ZXIgc2NpZW5jZSxzLmJyYW5kbGlmdC5pbnRlbCxrLmRhdGEgc2NpZW5jZSx0LnRlY2hub2xvZ3kscy5wb3B1bGFyLHMucHJvZ3JhbW1hdGljLGNvbXBzY2kscy5sb2dnZWRvdXQsay5jb21wdXRlcixzLnNmdyIsIm1rIjoidC50ZWNobm9sb2d5IiwibnciOjUxNDYsInBjIjowLjMsImVjIjowLjMsInByIjo4ODUxNSwicnQiOjMsInJmIjoiaHR0cHM6Ly93d3cucmVkZGl0LmNvbS9yL2NvbXBzY2kiLCJzdCI6MjQ5NTAsInVrIjoibVIyTW5LbzQ3WnBpM1hCMWFsIiwidHMiOjE0NzYwNDkwOTYxNzMsImJmIjp0cnVlLCJwbiI6ImZlZWQtMCIsInVyIjoiaHR0cHM6Ly93d3cuZWJheS5jb20vcnBwL2NlbGwtcGhvbmUtYWNjZXNzb3JpZXMvaVBob25lLTctQWNjZXNzb3JpZXM_cm9rZW4yPXRzLnBaR1k9LmJZekYwWldNPS5nNy5jcmVkZGl0LmFwIn0%26s%3Dg6sD1ZTr7mX2QofeU16_V9o7lmU&hash=e3763650482af589bf56276fca01453dd092306a&id=t3_51o4sd-__EXTERNAL_CAMPAIGN__-compsci","You dished out the money for your new iPhone7. Don't forget to show it off…and protect it.","https://pixel.redditmedia.com/click?url=https%3A%2F%2Fengine.a.redditmedia.com%2Fr%3Fe%3DeyJhdiI6MTAxNjQxLCJhdCI6NCwiYnQiOjAsImNtIjo0ODQxMDIsImNoIjo3OTg0LCJjayI6e30sImNyIjoxNjk5NzQ2LCJkaSI6ImVmYWZiNjg1MGU5ZjQzNTk4YjUxMDBmZGNmMTBlY2VmIiwiZG0iOjMsImZjIjoyMDE5NTUxLCJmbCI6MjQxMzcwMiwiaXAiOiI1NC4xNzUuMjguMTY0Iiwia3ciOiJzLmJyYW5kbGlmdC5wYW5kb3JhLGV4cC5wcm9tb3RlZF9saW5rX2luX2ZlZWQudG9wX3Bvc19ncmV5LHQucHJvZ3JhbW1pbmcsay5kYXRhLGsuY29tcHV0ZXIgc2NpZW5jZSxzLmJyYW5kbGlmdC5pbnRlbCxrLmRhdGEgc2NpZW5jZSx0LnRlY2hub2xvZ3kscy5wb3B1bGFyLHMucHJvZ3JhbW1hdGljLGNvbXBzY2kscy5sb2dnZWRvdXQsay5jb21wdXRlcixzLnNmdyIsIm1rIjoidC50ZWNobm9sb2d5IiwibnciOjUxNDYsInBjIjowLjMsImVjIjowLjMsInByIjo4ODUxNSwicnQiOjMsInJmIjoiaHR0cHM6Ly93d3cucmVkZGl0LmNvbS9yL2NvbXBzY2kiLCJzdCI6MjQ5NTAsInVrIjoibVIyTW5LbzQ3WnBpM1hCMWFsIiwidHMiOjE0NzYwNDkwOTYxNzMsImJmIjp0cnVlLCJwbiI6ImZlZWQtMCIsInVyIjoiaHR0cHM6Ly93d3cuZWJheS5jb20vcnBwL2NlbGwtcGhvbmUtYWNjZXNzb3JpZXMvaVBob25lLTctQWNjZXNzb3JpZXM_cm9rZW4yPXRzLnBaR1k9LmJZekYwWldNPS5nNy5jcmVkZGl0LmFwIn0%26s%3Dg6sD1ZTr7mX2QofeU16_V9o7lmU&hash=e3763650482af589bf56276fca01453dd092306a&id=t3_51o4sd-__EXTERNAL_CAMPAIGN__-compsci","(www.ebay.com)","","","promoted by eBayOfficial","eBayOfficial","https://www.reddit.com/user/eBayOfficial","https://www.redditstatic.com/icon-sponsored-tiny.png","","sponsored","","",""
"https://www.reddit.com/r/compsci","","","","0","1","2","","","","CompSci Weekend SuperThread (October 07, 2016)","https://www.reddit.com/r/compsci/comments/568u2q/compsci_weekend_superthread_october_07_2016/","(","self.compsci","https://www.reddit.com/r/compsci/","submitted 2 days ago by AutoModerator[M] - announcement","AutoModerator; M","https://www.reddit.com/user/AutoModerator; https://www.reddit.com/r/compsci/about/moderators","","","","2 comments","https://www.reddit.com/r/compsci/comments/568u2q/compsci_weekend_superthread_october_07_2016/","share"
"https://www.reddit.com/r/compsci","","","","128","129","130","","","","What are some useful online CS resources?","https://www.reddit.com/r/compsci/comments/43b16v/what_are_some_useful_online_cs_resources/","(","self.compsci","https://www.reddit.com/r/compsci/","submitted 8 months ago by _--__ - announcement","_--__","https://www.reddit.com/user/_--__","","","","27 comments","https://www.reddit.com/r/compsci/comments/43b16v/what_are_some_useful_online_cs_resources/","share"
"https://www.reddit.com/r/compsci","1","","","251","252","253","","","","Latency numbers every computer scientist should know","https://gist.github.com/hellerbarde/2843375","(","gist.github.com","https://www.reddit.com/domain/gist.github.com/","submitted 22 hours ago by Xiphorian","Xiphorian","https://www.reddit.com/user/Xiphorian","","","","28 comments","https://www.reddit.com/r/compsci/comments/56jjrg/latency_numbers_every_computer_scientist_should/","share"
"https://www.reddit.com/r/compsci","2","","","6","7","8","","","","context free grammars","https://www.reddit.com/r/compsci/comments/56nrkb/context_free_grammars/","(","self.compsci","https://www.reddit.com/r/compsci/","submitted 2 hours ago by mellanox-guy","mellanox-guy","https://www.reddit.com/user/mellanox-guy","","","","2 comments","https://www.reddit.com/r/compsci/comments/56nrkb/context_free_grammars/","share"
"https://www.reddit.com/r/compsci","3","","","57","58","59","","","","For anyone that wants to contribute to open source but doesn't know how, check out this post","https://www.runtimerror.com/open-source-and-github-a-beginners-guide/","(","runtimerror.com","https://www.reddit.com/domain/runtimerror.com/","submitted 1 day ago by yarwest","yarwest","https://www.reddit.com/user/yarwest","","","","3 comments","https://www.reddit.com/r/compsci/comments/56hox2/for_anyone_that_wants_to_contribute_to_open/","share"
"https://www.reddit.com/r/compsci","4","","","0","0","0","","","","The Dilemma of Digital Privacy","https://www.runtimerror.com/the-dilemma-of-digital-privacy/","(","runtimerror.com","https://www.reddit.com/domain/runtimerror.com/","submitted 5 hours ago by alexdovzhanyn","alexdovzhanyn","https://www.reddit.com/user/alexdovzhanyn","","","","comment","https://www.reddit.com/r/compsci/comments/56mw9o/the_dilemma_of_digital_privacy/","share"
"https://www.reddit.com/r/compsci","5","","","56","57","58","","","","Are you overall happy or not for taking and or majoring Computer Science?","https://www.reddit.com/r/compsci/comments/56guod/are_you_overall_happy_or_not_for_taking_and_or/","(","self.compsci","https://www.reddit.com/r/compsci/","submitted 1 day ago by ReyJae","ReyJae","https://www.reddit.com/user/ReyJae","","","","102 comments","https://www.reddit.com/r/compsci/comments/56guod/are_you_overall_happy_or_not_for_taking_and_or/","share"
"https://www.reddit.com/r/compsci","6","","","0","1","2","","","","What to major in for someone interested in Theoretical Computer Science?","https://www.reddit.com/r/compsci/comments/56k572/what_to_major_in_for_someone_interested_in/","(","self.compsci","https://www.reddit.com/r/compsci/","submitted 19 hours ago by Th3_Prince","Th3_Prince","https://www.reddit.com/user/Th3_Prince","","","","9 comments","https://www.reddit.com/r/compsci/comments/56k572/what_to_major_in_for_someone_interested_in/","share"
"https://www.reddit.com/r/compsci","7","","","35","36","37","","","","Introduction To Computing - C1L2 - How Computers Store information","https://www.youtube.com/watch?v=B83S_I49B30","(","youtube.com","https://www.reddit.com/domain/youtube.com/","submitted 1 day ago by jojoisawsome","jojoisawsome","https://www.reddit.com/user/jojoisawsome","","","","2 comments","https://www.reddit.com/r/compsci/comments/56ediv/introduction_to_computing_c1l2_how_computers/","share"
"https://www.reddit.com/r/compsci","8","","","8","9","10","","","","Foundations of Data Science (PDF)","https://www.cs.cornell.edu/jeh/book2016June9.pdf","(","cs.cornell.edu","https://www.reddit.com/domain/cs.cornell.edu/","submitted 1 day ago by Xiphorian","Xiphorian","https://www.reddit.com/user/Xiphorian","","","","2 comments","https://www.reddit.com/r/compsci/comments/56ekxv/foundations_of_data_science_pdf/","share"
"https://www.reddit.com/r/compsci","9","","","97","98","99","","","","Introduction To Computing - C1L1 - How Computers Do Math","https://www.youtube.com/watch?v=-l71VaK1bwo","(","youtube.com","https://www.reddit.com/domain/youtube.com/","submitted 2 days ago by jojoisawsome","jojoisawsome","https://www.reddit.com/user/jojoisawsome","","","","1 comment","https://www.reddit.com/r/compsci/comments/568ewh/introduction_to_computing_c1l1_how_computers_do/","share"
"https://www.reddit.com/r/compsci","10","","","2","3","4","","","","Video: Discretization by machine learning, as applied to nuclear reactor simulation","https://www.krellinst.org/csgf/conf/2016/video/till2012","(","krellinst.org","https://www.reddit.com/domain/krellinst.org/","submitted 2 days ago by greenprius","greenprius","https://www.reddit.com/user/greenprius","","","","comment","https://www.reddit.com/r/compsci/comments/56bmmc/video_discretization_by_machine_learning_as/","share"
"https://www.reddit.com/r/compsci","11","","","1","2","3","","","","Calculating influence of parameters to a function","https://www.reddit.com/r/compsci/comments/56aq8s/calculating_influence_of_parameters_to_a_function/","(","self.compsci","https://www.reddit.com/r/compsci/","submitted 2 days ago by lurking_bishop","lurking_bishop","https://www.reddit.com/user/lurking_bishop","","","","4 comments","https://www.reddit.com/r/compsci/comments/56aq8s/calculating_influence_of_parameters_to_a_function/","share"
"https://www.reddit.com/r/compsci","12","","","1","2","3","","","","Algorithm for one face per class, face recognition problem?","https://www.reddit.com/r/compsci/comments/56b2mh/algorithm_for_one_face_per_class_face_recognition/","(","self.compsci","https://www.reddit.com/r/compsci/","submitted 2 days ago by RavlaAlvar","RavlaAlvar","https://www.reddit.com/user/RavlaAlvar","","","","comment","https://www.reddit.com/r/compsci/comments/56b2mh/algorithm_for_one_face_per_class_face_recognition/","share"
"https://www.reddit.com/r/compsci","13","","","19","20","21","","","","Desperately seeking the Nobel Prize in computer science","http://www.dw.com/en/desperately-seeking-the-nobel-prize-in-computer-science/a-35963053","(","dw.com","https://www.reddit.com/domain/dw.com/","submitted 3 days ago by py_112","py_112","https://www.reddit.com/user/py_112","","","","13 comments","https://www.reddit.com/r/compsci/comments/566u4v/desperately_seeking_the_nobel_prize_in_computer/","share"
"https://www.reddit.com/r/compsci","14","","","3","4","5","","","","Using Google's Soli to Classify Materials In Real-Time","http://sachi.cs.st-andrews.ac.uk/research/interaction/radarcat-exploits-googles-soli-radar-sensor-for-object-and-material-recognition/","(","sachi.cs.st-andrews.ac.uk","https://www.reddit.com/domain/sachi.cs.st-andrews.ac.uk/","submitted 2 days ago by NowImAllSet","NowImAllSet","https://www.reddit.com/user/NowImAllSet","","","","comment","https://www.reddit.com/r/compsci/comments/568uiy/using_googles_soli_to_classify_materials_in/","share"
"https://www.reddit.com/r/compsci","15","","","30","31","32","","","","Understanding the Basis of the Kalman Filter Via a Simple and Intuitive Derivation (PDF)","https://www.cl.cam.ac.uk/~rmf25/papers/Understanding%20the%20Basis%20of%20the%20Kalman%20Filter.pdf","(","cl.cam.ac.uk","https://www.reddit.com/domain/cl.cam.ac.uk/","submitted 3 days ago by Xiphorian","Xiphorian","https://www.reddit.com/user/Xiphorian","","","","2 comments","https://www.reddit.com/r/compsci/comments/564g3s/understanding_the_basis_of_the_kalman_filter_via/","share"
"https://www.reddit.com/r/compsci","16","","","6","7","8","","","","National labs project developing OS for exascale HPC that will more actively synchronize and coordinate tasks","http://ascr-discovery.science.doe.gov/2016/10/argo-os-for-exascale/","(","ascr-discovery.science.doe.gov","https://www.reddit.com/domain/ascr-discovery.science.doe.gov/","submitted 3 days ago by greenprius","greenprius","https://www.reddit.com/user/greenprius","","","","1 comment","https://www.reddit.com/r/compsci/comments/565mj4/national_labs_project_developing_os_for_exascale/","share"
"https://www.reddit.com/r/compsci","17","","","39","40","41","","","","How to Compare Infinities: video explaining countable sets","https://www.youtube.com/watch?v=_3PwEXk67Wg","(","youtube.com","https://www.reddit.com/domain/youtube.com/","submitted 3 days ago by taulover","taulover","https://www.reddit.com/user/taulover","","","","2 comments","https://www.reddit.com/r/compsci/comments/562xcz/how_to_compare_infinities_video_explaining/","share"
"https://www.reddit.com/r/compsci","18","","","4","5","6","","","","A short introduction to process theory. Covers things such as concurrency and interaction, and expressions that represent process behaviours. [abstract + link to PDF]","https://arxiv.org/abs/1610.01412","(","arxiv.org","https://www.reddit.com/domain/arxiv.org/","submitted 3 days ago by flexibeast","flexibeast","https://www.reddit.com/user/flexibeast","","","","comment","https://www.reddit.com/r/compsci/comments/563i6v/a_short_introduction_to_process_theory_covers/","share"
"https://www.reddit.com/r/compsci","19","","","17","18","19","","","","Industry Concerns about TLS 1.3","https://www.ietf.org/mail-archive/web/tls/current/msg21278.html","(","ietf.org","https://www.reddit.com/domain/ietf.org/","submitted 4 days ago by huashoes","huashoes","https://www.reddit.com/user/huashoes","","","","11 comments","https://www.reddit.com/r/compsci/comments/55zyof/industry_concerns_about_tls_13/","share"
"https://www.reddit.com/r/compsci","20","","","3","4","5","","","","Research for Practice: Web Security and Mobile Web Computing","http://queue.acm.org/detail.cfm?id=3005356","(","queue.acm.org","https://www.reddit.com/domain/queue.acm.org/","submitted 4 days ago by I_Heart_Anthracite","I_Heart_Anthracite","https://www.reddit.com/user/I_Heart_Anthracite","","","","comment","https://www.reddit.com/r/compsci/comments/560nyu/research_for_practice_web_security_and_mobile_web/","share"
"https://www.reddit.com/r/compsci","21","","","6","7","8","","","","Managing and filtering collision data from the large hadron collider","https://www.krellinst.org/csgf/conf/2016/video/velicanu2012","(","krellinst.org","https://www.reddit.com/domain/krellinst.org/","submitted 4 days ago by greenprius","greenprius","https://www.reddit.com/user/greenprius","","","","comment","https://www.reddit.com/r/compsci/comments/560ilu/managing_and_filtering_collision_data_from_the/","share"
"https://www.reddit.com/r/compsci","22","","","20","21","22","","","","Proposition as Types","http://homepages.inf.ed.ac.uk/wadler/papers/propositions-as-types/propositions-as-types.pdf","(","homepages.inf.ed.ac.uk","https://www.reddit.com/domain/homepages.inf.ed.ac.uk/","submitted 4 days ago by AvenueIngres","AvenueIngres","https://www.reddit.com/user/AvenueIngres","","","","comment","https://www.reddit.com/r/compsci/comments/55yd1t/proposition_as_types/","share"
"https://www.reddit.com/r/compsci","23","","","41","42","43","","","","What is a type, and how do you think about it?","https://vermillionazure.com/2016/10/05/what-is-a-type-and-how-do-you-think-about-it/","(","vermillionazure.com","https://www.reddit.com/domain/vermillionazure.com/","submitted 4 days ago by VermillionAzure","VermillionAzure","https://www.reddit.com/user/VermillionAzure","","","","30 comments","https://www.reddit.com/r/compsci/comments/55x0r6/what_is_a_type_and_how_do_you_think_about_it/","share"
"https://www.reddit.com/r/compsci","24","","","47","48","49","","","","What is Unix exactly?","https://www.reddit.com/r/compsci/comments/55uoi1/what_is_unix_exactly/","(","self.compsci","https://www.reddit.com/r/compsci/","submitted 5 days ago * by LONDONSFALLING123","LONDONSFALLING123","https://www.reddit.com/user/LONDONSFALLING123","","","","23 comments","https://www.reddit.com/r/compsci/comments/55uoi1/what_is_unix_exactly/","share"
"https://www.reddit.com/r/compsci","25","","","51","52","53","","","","I made a Turing Machine emulator a few years back. People seemed to like it, so I thought I'd share it again.","https://www.reddit.com/r/compsci/comments/55trd9/i_made_a_turing_machine_emulator_a_few_years_back/","(","self.compsci","https://www.reddit.com/r/compsci/","submitted 5 days ago by hsxp","hsxp","https://www.reddit.com/user/hsxp","","","","10 comments","https://www.reddit.com/r/compsci/comments/55trd9/i_made_a_turing_machine_emulator_a_few_years_back/","share"
